{
  "assetsByChunkName": {
    "vendors~app-account~app-confirmation~app-order": "chunk.9afc8de4f21e8fb5c1ef.js",
    "vendors~app-account~app-checkout": "chunk.469f0bdb206fb1a40feb.js",
    "vendors~app-cart~app-checkout": "chunk.4037d701cf361400a74e.js",
    "admin": [
      "admin.a31f07539ce2cc9c657f.js",
      "admin.a31f07539ce2cc9c657f.js.map"
    ],
    "app-account": "chunk.36c0e3bd0cfd8f85deb3.js",
    "app-checkout": "chunk.c120ae39e401b4983885.js",
    "app-confirmation": "chunk.4a305d948a8673df248e.js",
    "checkout": [
      "checkout.3cec58170cd4e2958709.js",
      "checkout.3cec58170cd4e2958709.js.map"
    ],
    "storefront": [
      "storefront.cfa54680e389ea209e85.css",
      "storefront.82cb2560148fb664a527.js",
      "storefront.cfa54680e389ea209e85.css.map",
      "storefront.82cb2560148fb664a527.js.map"
    ],
    "vendors~app-cart": "chunk.9c9a00736af8faf99c1f.js",
    "vendors~app-order": "chunk.758fa1128b82c0d9fca9.js"
  }
}